-- =============================================================================
-- 004_seed_work_orders_inventory.sql — work_orders, inventory, labor, parts lines
-- =============================================================================
-- Prerequisites: 001, 002, 003
-- One work_order per inspection_id here (UNIQUE inspection_id) — 12 rows.
-- All WOs completed here so every WO can carry a bill (005) while mixed payment_status
-- still demonstrates AR dashboards (unpaid / pending rows).
-- Labor rates in PKR/hour; parts at sale_price_at_use (PKR).
-- =============================================================================

USE vms_db;

-- ---------------------------------------------------------------------------
-- Work orders (12) — each tied to a single inspection (1:1)
-- ---------------------------------------------------------------------------
INSERT INTO work_orders (
  work_order_id, inspection_id, open_date, close_date, status
) VALUES
(1, 1, '2026-03-14', '2026-03-15', 'completed'),
(2, 2, '2026-03-20', '2026-03-22', 'completed'),
(3, 3, '2026-04-04', '2026-04-08', 'completed'),
(4, 4, '2026-04-07', '2026-04-12', 'completed'),
(5, 5, '2026-03-30', '2026-03-31', 'completed'),
(6, 6, '2026-03-31', '2026-04-01', 'completed'),
(7, 7, '2026-04-17', '2026-04-18', 'completed'),
(8, 8, '2026-04-03', '2026-04-05', 'completed'),
(9, 9, '2026-04-04', '2026-04-05', 'completed'),
(10, 10, '2026-04-10', '2026-04-11', 'completed'),
(11, 11, '2026-04-13', '2026-04-19', 'completed'),
(12, 12, '2026-04-14', '2026-04-20', 'completed');

-- ---------------------------------------------------------------------------
-- Service center inventory (24 rows) — low-stock scenarios for several centers
-- ---------------------------------------------------------------------------
INSERT INTO service_center_inventory (
  center_id, part_id, quantity_on_hand, reorder_level, shelf_location
) VALUES
(1, 1, 4, 8, 'LHE-A1-01'),
(1, 2, 28, 12, 'LHE-A1-02'),
(1, 4, 20, 15, 'LHE-A2-04'),
(1, 7, 2, 6, 'LHE-B1-03'),
(2, 1, 10, 8, 'KHI-R1-01'),
(2, 3, 3, 10, 'KHI-R1-02'),
(2, 5, 2, 5, 'KHI-R2-01'),
(2, 8, 5, 4, 'KHI-R3-BAT'),
(3, 2, 32, 18, 'FSD-C1-01'),
(3, 6, 8, 8, 'FSD-C1-05'),
(3, 7, 1, 5, 'FSD-C2-02'),
(3, 9, 4, 6, 'FSD-C3-CL'),
(4, 1, 6, 8, 'ISB-D1-01'),
(4, 10, 2, 4, 'ISB-D2-TB'),
(5, 4, 24, 14, 'MUL-E1-04'),
(5, 11, 3, 6, 'MUL-E2-SH'),
(6, 2, 18, 10, 'PES-F1-02'),
(6, 12, 6, 8, 'PES-F2-AC'),
(7, 3, 5, 8, 'RWP-G1-02'),
(7, 8, 3, 5, 'RWP-G2-BAT'),
(8, 5, 4, 6, 'GUJ-H1-05'),
(9, 6, 14, 10, 'HYD-J1-06'),
(10, 7, 2, 5, 'SIA-K1-07'),
(11, 8, 1, 4, 'UET-L1-BAT'),
(12, 1, 7, 8, 'BWP-M1-01');

-- ---------------------------------------------------------------------------
-- Labor lines (19) — multi-mechanic WOs where useful (PKR/hr)
-- ---------------------------------------------------------------------------
INSERT INTO work_order_mechanics (
  work_order_id, mechanic_id, hours_worked, labor_rate
) VALUES
(1, 1, 2.50, 2900.00),
(1, 2, 0.75, 3300.00),
(2, 2, 3.00, 3600.00),
(3, 5, 1.25, 2300.00),
(4, 3, 2.00, 3100.00),
(4, 4, 1.00, 3800.00),
(5, 4, 2.25, 4100.00),
(6, 3, 1.50, 3050.00),
(7, 1, 1.75, 2950.00),
(7, 7, 0.50, 2700.00),
(8, 10, 2.00, 3150.00),
(9, 11, 1.25, 2400.00),
(10, 12, 2.50, 2600.00),
(10, 4, 0.75, 3800.00),
(11, 13, 1.00, 3400.00),
(12, 9, 3.00, 2850.00),
(11, 15, 0.50, 2350.00),
(8, 8, 1.00, 2500.00),
(5, 5, 0.50, 2250.00);

-- ---------------------------------------------------------------------------
-- Parts lines (15) — PKR sale_price_at_use (may differ slightly from catalog)
-- ---------------------------------------------------------------------------
INSERT INTO work_order_parts (
  work_order_id, part_id, quantity_used, sale_price_at_use
) VALUES
(1, 1, 1, 8500.00),
(2, 4, 4, 480.00),
(2, 3, 1, 3300.00),
(3, 8, 1, 19800.00),
(4, 9, 1, 14500.00),
(5, 2, 1, 1250.00),
(6, 3, 1, 3300.00),
(7, 7, 1, 3200.00),
(8, 5, 1, 4950.00),
(8, 6, 2, 2150.00),
(9, 2, 1, 1250.00),
(10, 11, 2, 8800.00),
(11, 10, 1, 11200.00),
(12, 1, 2, 8500.00),
(12, 4, 8, 480.00);
